<?xml version="1.0" encoding="UTF-8"?>
<beans xmlns="http://www.springframework.org/schema/beans"
	xmlns:xsi="http://www.w3.org/2001/XMLSchema-instance" xmlns:context="http://www.springframework.org/schema/context"
	xsi:schemaLocation="http://www.springframework.org/schema/beans  
           http://www.springframework.org/schema/beans/spring-beans.xsd  
           http://www.springframework.org/schema/context  
           http://www.springframework.org/schema/context/spring-context.xsd  
           ">

	<context:component-scan base-package="com.netease.course" />
	<context:annotation-config />

	<bean id="dataSource" class="org.apache.commons.dbcp.BasicDataSource"
		destroy-method="close">
		<property name="driverClassName" value="com.mysql.jdbc.Driver"></property>
		<property name="url" value="jdbc:mysql://127.0.0.1:3306/Spring-Exer01"></property>
		<property name="username" value="root"></property>
		<property name="password" value="lxy"></property>
	</bean>
	
	<bean id="blogdao" class="com.netease.course.controller.BlogDAOImpl">
		<property name="dataSource" ref="dataSource"></property>
	</bean>

	<bean id="blogservice" class="com.netease.course.controller.BlogServiceImpl">
		<property name="blog" ref="blogdao"></property>
	</bean>
</beans>  
